{"cameraMode":{"drawMode":0,"name":"Shaded","section":"Shading Mode"},"sceneLighting":true,"audioPlay":false,"sceneViewState":{"showFog":true,"showMaterialUpdate":false,"showSkybox":true,"showFlares":true,"showImageEffects":true,"showParticleSystems":true},"in2DMode":false,"pivot":{"x":35.321388244628909,"y":-3.117518186569214,"z":-8.83862590789795},"rotation":{"x":0.05180956795811653,"y":-0.598746120929718,"z":0.03886063024401665,"w":0.7983227372169495},"size":16.13014030456543,"orthographic":false}